{"accuracy": [0.6059321165084839, 0.8620954751968384, 0.9128387570381165, 0.938174843788147, 0.9554306864738464, 0.9632406234741211, 0.9700689911842346, 0.9748346209526062, 0.9804680347442627, 0.9808663725852966], "loss": [1.3318560123443604, 0.43723344802856445, 0.2680770754814148, 0.18822097778320312, 0.13546542823314667, 0.10937441885471344, 0.08936220407485962, 0.07599536329507828, 0.061869066208601, 0.05983851104974747], "val_accuracy": [0.8287047743797302, 0.9038811922073364, 0.9313111901283264, 0.9362622499465942, 0.9127589464187622, 0.9432051181793213, 0.952595055103302, 0.9512861371040344, 0.9571477174758911, 0.9516276121139526], "val_loss": [0.5450533032417297, 0.3041846454143524, 0.2128394991159439, 0.2044426053762436, 0.26898622512817383, 0.18637433648109436, 0.15339940786361694, 0.16668714582920074, 0.15549956262111664, 0.16111837327480316]}